Tashya;Stanley;38;purus@metus.co.uk
Gary;Goff;42;erat.eget.ipsum@Etiamligula.com
Dale;Marsh;38;sit.amet.risus@nonummy.com
Willa;Hobbs;42;velit.Quisque.varius@ipsum.com
Macy;Velasquez;29;nonummy@lobortis.edu
Lee;Black;25;lectus@Ut.ca
Mollie;Collier;43;erat.Vivamus.nisi@Donec.net
Rowan;Morin;28;auctor@Pellentesqueut.net
Kyla;Ramos;38;facilisis.vitae@eleifendCrassed.edu
Graham;Adkins;40;parturient@libero.net
Quemby;Trujillo;30;vulputate.ullamcorper.magna@infaucibus.ca
Camille;Preston;43;amet.luctus.vulputate@cursuspurusNullam.ca
Walter;Drake;32;porttitor@Nam.co.uk
Cadman;Macias;22;pellentesque@eu.co.uk
Macon;Carr;35;massa.rutrum@malesuada.org
Callum;Simpson;45;non.magna.Nam@consequat.org
Vance;Soto;43;Cras.eu.tellus@litora.edu
April;Parks;20;Nunc.mauris.Morbi@nonummy.net
Amity;Spence;33;ac.nulla@sitamet.co.uk
Ignacia;Stafford;22;turpis.In.condimentum@vestibulumMauris.net
Nolan;Soto;32;eu.sem.Pellentesque@urnasuscipit.net
Nicholas;Wallace;20;ut.aliquam.iaculis@erateget.com
Demetria;Delacruz;40;erat@enim.net
Ingrid;Saunders;30;Suspendisse@Nullamscelerisqueneque.ca
Darrel;Strong;41;Nullam@idnunc.com
Wanda;Griffin;18;Quisque@eros.com
Lars;Avila;32;auctor@enimCurabitur.co.uk
Tucker;Alvarez;36;dictum.Phasellus.in@perinceptoshymenaeos.edu
Neville;Deleon;44;erat@magnaseddui.com
Whilemina;Howe;28;dictum.cursus@Vivamus.com
Seth;Hebert;30;purus@maurisSuspendisse.org
Sonya;Slater;25;Aliquam@lobortistellus.edu
Echo;Newman;22;Nam.tempor.diam@faucibusutnulla.org
Ethan;Wagner;40;in@luctusvulputatenisi.com
Mariam;Mason;23;Aliquam.rutrum.lorem@rutrum.org
Addison;Cantu;26;molestie.in.tempus@massanonante.ca
Katell;Wheeler;41;velit@VivamusnisiMauris.com
Signe;Hopper;18;tristique.aliquet@fermentumvel.net
Xantha;Lott;22;lorem.vitae.odio@felispurusac.edu
Hashim;Estes;26;elit.Nulla.facilisi@dolorDonec.ca
Veronica;Johns;26;ac.mattis@urnaNullam.org
Kermit;Durham;20;sit.amet@nequeNullamnisl.co.uk
Xyla;Ayers;44;lobortis@diamnuncullamcorper.org
Lesley;Dunlap;28;scelerisque.neque.sed@Quisque.edu
Rahim;Ramirez;44;placerat.velit.Quisque@felisullamcorper.edu
Shafira;Cummings;38;imperdiet.ornare@nisi.com
Bruce;Lawson;28;quis.turpis.vitae@nonloremvitae.co.uk
Camden;Contreras;41;semper@euaccumsan.ca
Jasper;Richardson;25;Vivamus.molestie@venenatislacusEtiam.com
Adrienne;Snider;39;libero@lectus.com
Dawn;Coleman;42;a.felis@aultricies.org
Blossom;Cote;42;consectetuer@tempor.ca
September;Delacruz;32;congue@sedorci.edu
Orli;Scott;31;amet.faucibus@idante.org
Mason;Mcpherson;29;mauris.sagittis.placerat@ametultriciessem.ca
Finn;Singleton;18;sed@semsempererat.edu
Vernon;Wilkerson;24;Vivamus.rhoncus@elitsedconsequat.co.uk
Zenaida;Lambert;41;ultrices.iaculis.odio@veliteget.org
Pandora;Mcintyre;39;nec.urna@sociisnatoquepenatibus.com
Xenos;Tyson;37;odio.auctor@Nuncpulvinararcu.org
Karleigh;Rodriguez;23;urna.nec.luctus@velit.com
Leilani;Myers;28;Aenean@nequeIn.net
Myra;Reese;20;Nunc@lacus.com
Haley;Higgins;29;scelerisque.lorem@aliquamiaculis.org
Lunea;Hinton;22;lacus.pede.sagittis@montesnascetur.ca
Leonard;Puckett;37;nunc@ultricesiaculisodio.co.uk
Graiden;Padilla;41;diam.at@dapibusid.ca
Jakeem;Everett;22;Quisque.ornare@magna.co.uk
Dillon;Dudley;34;Sed.eu.nibh@iaculisenimsit.ca
Barclay;Rivas;18;ante@dictumsapienAenean.ca
Elvis;Garcia;34;a@accumsansed.ca
Geoffrey;Pierce;31;urna.Ut@cubilia.co.uk
Colby;Cameron;41;at.lacus@Fuscealiquam.ca
Julian;Dillard;35;mi@mattis.edu
Shellie;Delacruz;18;ligula.consectetuer@mipede.co.uk
Lois;Mcknight;31;aliquet.magna@vitaealiquameros.com
Geraldine;Bradford;34;tincidunt.pede.ac@euismodmauriseu.org
Sigourney;Torres;45;facilisis.vitae.orci@liberoMorbi.org
Paula;Serrano;38;Maecenas@ipsumnunc.co.uk
Naomi;Ortiz;18;Suspendisse.non@pharetranibh.com
Kylynn;Reeves;23;Donec.est@necmetusfacilisis.org
Chanda;Rivas;39;pharetra.nibh.Aliquam@NulladignissimMaecenas.edu
Briar;Norman;34;Morbi.neque.tellus@sollicitudin.ca
Ori;Gonzalez;44;aliquam.arcu@leoin.net
Keegan;Dean;39;quam@iaculisneceleifend.ca
Noel;Madden;24;risus@nislNullaeu.com
Pearl;Rowland;21;nibh@temporestac.org
Rhiannon;Sanchez;37;interdum.ligula.eu@ligula.com
Leo;Contreras;20;amet@Etiamgravida.edu
Todd;Carter;28;rhoncus.Nullam@pede.com
Mia;Russo;37;Proin.sed.turpis@egestasSed.co.uk
Xena;Lawrence;36;In@eleifend.co.uk
Phoebe;Sykes;42;at.auctor.ullamcorper@posuereat.ca
Halla;Oconnor;39;eu.dolor.egestas@malesuada.co.uk
Winter;Cooke;42;et.netus@mauriseu.edu
Jaime;Chang;20;ac.mi@pede.com
Drake;Bolton;29;convallis@nisiMaurisnulla.net
Jackson;Buckley;27;erat.Etiam.vestibulum@liberoestcongue.org
Buckminster;Ellis;22;lectus@ametorci.ca
Emerald;Roth;32;ligula.consectetuer@semper.org
